OrderID,CustomerID,ProductID,DateID,Quantity,Price,PaymentMethod
100001,1,1,1,1.0,199.99,Unknown
100003,1,2,2,3.0,49.0,UPI
100008,2,2,3,3.0,1500.0,UPI
100016,3,1,4,3.0,1500.0,Unknown
100023,4,1,5,3.0,1500.0,Unknown
100035,5,2,6,2.0,49.0,Cash
100043,4,3,7,2.0,999.5,Cash
100059,6,4,8,2.0,199.99,Unknown
100061,7,5,9,4.0,49.0,Unknown
100085,6,2,10,2.0,49.0,Cash
100105,1,4,11,1.0,199.99,UPI
100131,8,3,12,3.0,199.99,Unknown
100138,9,1,13,2.0,999.5,Card
100141,5,3,14,2.0,49.0,UPI
100181,1,2,15,2.0,999.5,Cash
100248,10,6,16,1.0,199.99,UPI
100257,6,5,17,3.0,49.0,Card
100263,11,5,18,3.0,199.99,Cash
100273,12,2,19,3.0,199.99,NetBanking
100275,13,4,20,4.0,999.5,NetBanking
100283,14,3,21,4.0,49.0,Card
100298,15,3,22,1.0,199.99,Unknown
100301,16,5,23,3.0,999.5,UPI
100305,14,2,23,2.0,1500.0,NetBanking
100317,16,1,24,3.0,999.5,Unknown
100339,10,1,25,2.0,1500.0,Card
100345,1,1,26,1.0,199.99,NetBanking
100352,10,4,27,2.0,1500.0,NetBanking
100358,6,1,28,1.0,199.99,UPI
100363,6,1,29,2.0,1500.0,Unknown
100366,8,4,30,3.0,199.99,UPI
100379,13,2,31,1.0,999.5,UPI
100388,17,6,17,2.0,199.99,Unknown
100399,9,3,32,3.0,49.0,NetBanking
100410,16,2,11,3.0,999.5,Unknown
100432,8,3,33,1.0,1500.0,Card
100440,14,5,34,3.0,999.5,Unknown
100445,10,5,35,1.0,999.5,Cash
100450,12,1,36,2.0,999.5,UPI
100461,18,1,37,4.0,999.5,Card
100465,17,6,38,1.0,199.99,Cash
100485,7,1,39,4.0,1500.0,UPI
100500,15,2,40,1.0,49.0,Cash
100503,19,3,41,3.0,999.5,Cash
100508,6,3,42,1.0,999.5,UPI
100510,5,5,43,1.0,199.99,Unknown
100520,20,4,44,2.0,1500.0,Card
100528,10,4,45,1.0,1500.0,Card
100530,9,2,46,3.0,999.5,NetBanking
100542,2,2,47,2.0,199.99,NetBanking
100551,10,6,48,3.0,1500.0,Card
100589,1,6,49,2.0,1500.0,Unknown
100597,1,5,50,2.0,49.0,Unknown
100615,14,1,51,1.0,199.99,UPI
100636,8,3,52,2.0,999.5,Card
100666,21,5,53,1.0,49.0,UPI
100668,8,2,54,4.0,199.99,Card
100670,4,6,55,1.0,999.5,Cash
100682,19,4,56,3.0,49.0,Card
100692,22,6,57,2.0,199.99,NetBanking
100752,8,5,58,2.0,999.5,Unknown
100755,14,4,59,2.0,1500.0,Card
100760,23,3,60,1.0,199.99,Cash
100771,13,1,61,4.0,999.5,UPI
100786,13,6,62,1.0,1500.0,Cash
100796,24,2,63,1.0,49.0,Card
100801,25,5,64,3.0,199.99,UPI
100818,17,6,65,4.0,49.0,Card
100822,13,5,66,2.0,49.0,UPI
100826,10,5,67,3.0,49.0,Unknown
100838,2,6,68,2.0,1500.0,UPI
100859,23,3,69,4.0,999.5,NetBanking
100865,25,5,70,4.0,1500.0,Unknown
100890,12,3,71,4.0,1500.0,Unknown
100897,5,1,15,2.0,49.0,Unknown
100903,19,3,72,4.0,49.0,UPI
100914,22,3,73,3.0,999.5,Cash
100930,20,1,74,3.0,1500.0,UPI
100939,3,3,75,3.0,199.99,Unknown
100954,4,2,76,4.0,1500.0,Unknown
100960,17,4,77,4.0,1500.0,NetBanking
100967,12,6,78,1.0,199.99,UPI
100973,1,6,79,4.0,199.99,Unknown
101007,26,1,80,1.0,1500.0,NetBanking
101010,16,6,6,2.0,999.5,Card
101019,27,5,81,2.0,999.5,NetBanking
101029,28,6,82,4.0,1500.0,UPI
101036,24,2,83,4.0,49.0,NetBanking
101049,26,5,84,4.0,49.0,UPI
101059,10,4,85,4.0,199.99,Cash
101066,13,2,86,1.0,1500.0,Cash
101069,13,6,87,2.0,999.5,Unknown
101079,8,3,88,2.0,49.0,UPI
101090,10,6,89,3.0,49.0,NetBanking
101100,10,5,90,4.0,1500.0,NetBanking
101152,20,6,91,1.0,199.99,NetBanking
101157,15,4,92,1.0,999.5,Cash
101185,21,3,93,2.0,49.0,NetBanking
101189,1,4,94,1.0,1500.0,Unknown
101196,25,5,95,4.0,999.5,Cash
101201,6,1,96,4.0,1500.0,Card
101237,3,1,97,4.0,49.0,NetBanking
101265,26,5,29,2.0,49.0,UPI
101268,29,1,98,2.0,199.99,UPI
101287,1,5,99,3.0,1500.0,Cash
101330,26,5,100,2.0,1500.0,UPI
101347,17,2,101,4.0,1500.0,Unknown
101353,8,6,102,3.0,199.99,Unknown
101376,21,6,103,4.0,1500.0,Cash
101407,25,6,96,2.0,1500.0,Unknown
101418,14,4,84,2.0,49.0,NetBanking
101422,4,4,93,1.0,49.0,UPI
101428,3,4,104,2.0,49.0,Card
101446,4,3,105,2.0,49.0,Cash
101450,8,3,91,2.0,199.99,Card
101474,17,5,68,1.0,1500.0,Card
101476,17,3,106,2.0,999.5,NetBanking
101478,3,1,107,4.0,999.5,Cash
101480,12,2,108,1.0,199.99,Cash
101488,26,4,109,4.0,199.99,Cash
101511,21,4,3,3.0,1500.0,Unknown
101516,3,4,110,4.0,999.5,UPI
101540,10,3,111,3.0,49.0,NetBanking
101559,7,1,112,3.0,1500.0,Card
101561,14,2,113,2.0,49.0,Card
101571,25,2,114,3.0,1500.0,Unknown
101585,13,6,115,2.0,999.5,Card
101593,15,5,79,1.0,999.5,Unknown
101594,13,2,116,4.0,199.99,Cash
101595,26,3,117,4.0,999.5,Card
101606,24,2,118,2.0,1500.0,Unknown
101610,9,6,119,4.0,1500.0,UPI
101614,10,3,120,2.0,1500.0,Card
101618,7,1,52,2.0,999.5,Card
101620,21,6,121,1.0,1500.0,Cash
101633,3,6,11,3.0,49.0,Cash
101635,18,4,122,3.0,49.0,UPI
101637,17,6,55,3.0,999.5,Unknown
101649,14,4,62,1.0,49.0,Cash
101685,27,3,65,3.0,49.0,UPI
101697,4,5,85,2.0,999.5,Unknown
101701,14,4,18,2.0,49.0,Card
101702,12,2,123,4.0,999.5,Unknown
101704,5,1,124,3.0,49.0,UPI
101728,14,1,125,3.0,49.0,Cash
101740,10,6,126,3.0,1500.0,UPI
101751,26,6,127,4.0,1500.0,UPI
101756,27,1,105,2.0,199.99,Cash
101760,16,4,128,2.0,999.5,Cash
101768,17,6,129,1.0,1500.0,Cash
101769,25,2,130,3.0,199.99,NetBanking
101791,14,2,51,4.0,999.5,Unknown
101809,4,4,131,2.0,199.99,Card
101824,4,3,132,3.0,49.0,Cash
101847,20,6,133,4.0,999.5,Unknown
101855,24,2,79,4.0,999.5,Cash
101856,22,3,134,4.0,999.5,Card
101867,20,1,135,2.0,49.0,UPI
101874,15,3,136,2.0,199.99,NetBanking
101886,4,5,137,1.0,199.99,Cash
101900,11,4,46,3.0,999.5,Cash
101917,18,6,138,3.0,999.5,UPI
101959,4,4,139,2.0,1500.0,UPI
101967,4,2,140,1.0,199.99,Cash
101970,11,4,38,2.0,1500.0,Unknown
101988,21,1,24,2.0,49.0,UPI
101994,29,4,136,2.0,1500.0,Cash
102004,25,6,141,4.0,1500.0,Unknown
102014,1,4,142,3.0,199.99,Card
102025,4,5,73,4.0,199.99,UPI
102027,14,3,101,1.0,49.0,NetBanking
102040,7,4,143,1.0,1500.0,Cash
102047,3,2,144,4.0,1500.0,Cash
102064,15,3,145,4.0,199.99,UPI
102084,3,6,146,3.0,999.5,Unknown
102102,1,4,147,3.0,49.0,Unknown
102105,6,1,119,4.0,49.0,UPI
102106,23,1,148,3.0,1500.0,UPI
102114,4,1,149,4.0,49.0,Cash
102119,1,1,76,2.0,199.99,Card
102120,14,3,150,2.0,199.99,Unknown
102128,3,4,151,4.0,1500.0,Cash
102136,10,5,115,1.0,199.99,Unknown
102151,19,2,152,4.0,199.99,Cash
102197,5,1,142,2.0,199.99,Unknown
102222,11,3,153,1.0,199.99,UPI
102227,13,1,43,1.0,999.5,NetBanking
102229,10,3,154,2.0,49.0,Unknown
102232,18,2,111,1.0,999.5,NetBanking
102251,24,2,155,1.0,199.99,UPI
102275,8,6,156,2.0,199.99,NetBanking
102277,5,4,73,4.0,999.5,Card
102293,15,2,157,2.0,49.0,Cash
102303,5,1,147,3.0,999.5,Unknown
102307,11,1,158,3.0,1500.0,UPI
102318,6,3,120,2.0,1500.0,Cash
102325,17,1,159,4.0,199.99,NetBanking
102336,16,5,36,4.0,49.0,UPI
102337,6,2,160,2.0,199.99,NetBanking
102355,30,3,128,2.0,49.0,Card
102369,30,6,161,3.0,1500.0,NetBanking
102375,27,1,72,4.0,1500.0,NetBanking
102388,23,4,162,4.0,49.0,Card
102391,15,2,163,4.0,199.99,Cash
102435,5,3,164,2.0,49.0,Card
102442,4,6,165,2.0,999.5,Card
102453,1,2,166,2.0,1500.0,UPI
102460,18,5,167,4.0,199.99,NetBanking
102469,10,4,168,1.0,999.5,Cash
102487,16,5,169,1.0,49.0,Card
102502,25,6,170,2.0,49.0,Unknown
102510,9,3,29,3.0,49.0,NetBanking
102563,3,2,86,1.0,199.99,Cash
102573,26,4,171,4.0,199.99,NetBanking
102578,21,6,172,4.0,999.5,UPI
102588,7,5,173,1.0,999.5,Card
102591,14,5,174,3.0,199.99,Card
102595,5,2,175,3.0,1500.0,Unknown
102604,19,5,176,4.0,199.99,UPI
102605,18,4,177,4.0,49.0,Card
102620,18,5,178,2.0,199.99,Card
102621,20,1,179,1.0,999.5,UPI
102631,16,5,53,3.0,999.5,NetBanking
102634,14,2,4,1.0,1500.0,Unknown
102637,21,5,128,3.0,999.5,UPI
102644,8,6,44,1.0,49.0,NetBanking
102653,14,6,11,4.0,49.0,Cash
102661,24,1,180,2.0,49.0,Card
102669,12,2,181,2.0,49.0,Card
102672,3,1,182,4.0,999.5,Unknown
102681,16,4,183,4.0,199.99,Unknown
102700,30,5,184,4.0,199.99,Unknown
102709,6,2,111,2.0,999.5,UPI
102712,14,4,185,2.0,199.99,Unknown
102724,14,2,186,3.0,49.0,Unknown
102729,30,6,187,2.0,999.5,Card
102730,15,6,188,3.0,199.99,UPI
102732,30,2,189,3.0,999.5,Unknown
102735,4,3,190,1.0,199.99,UPI
102740,6,5,170,4.0,199.99,Unknown
102742,13,2,35,1.0,199.99,Cash
102752,2,6,191,2.0,1500.0,Cash
102769,17,3,172,4.0,199.99,Card
102802,24,4,192,3.0,49.0,Unknown
102824,1,6,193,4.0,999.5,NetBanking
102831,5,1,194,2.0,49.0,Cash
102832,28,3,195,1.0,49.0,Card
102855,14,6,196,4.0,1500.0,NetBanking
102866,16,2,197,2.0,1500.0,UPI
102869,4,5,198,2.0,199.99,UPI
102876,19,3,189,3.0,199.99,NetBanking
102878,14,3,184,1.0,199.99,Card
102879,3,1,199,2.0,1500.0,Cash
102883,15,6,200,3.0,49.0,Cash
102919,10,6,142,4.0,1500.0,Unknown
102925,5,2,201,1.0,1500.0,Card
102939,1,3,190,3.0,199.99,Unknown
102953,14,5,202,2.0,999.5,Unknown
102988,14,4,203,2.0,1500.0,Unknown
102989,14,6,204,3.0,1500.0,NetBanking
102999,14,5,205,4.0,1500.0,NetBanking
103002,28,2,206,2.0,1500.0,UPI
103005,9,4,122,3.0,199.99,Cash
103007,6,1,149,4.0,999.5,Unknown
103018,9,3,207,1.0,199.99,Card
103022,9,5,208,3.0,999.5,UPI
103028,4,2,163,1.0,49.0,Unknown
103045,19,1,107,4.0,1500.0,Card
103056,25,4,164,4.0,1500.0,UPI
103073,3,1,86,3.0,999.5,UPI
103086,10,1,148,2.0,999.5,Unknown
103096,27,3,24,1.0,1500.0,Card
103150,25,5,209,4.0,199.99,UPI
103153,3,4,210,4.0,199.99,Card
103154,26,3,211,1.0,199.99,UPI
103173,13,5,212,3.0,999.5,Unknown
103176,28,3,187,1.0,999.5,Card
103183,19,1,213,2.0,199.99,Card
103203,15,1,214,3.0,999.5,Card
103208,15,6,215,1.0,49.0,Card
103257,15,4,198,3.0,49.0,NetBanking
103267,24,5,37,2.0,49.0,Card
103275,3,2,78,2.0,999.5,Cash
103278,14,5,126,1.0,49.0,UPI
103305,28,3,96,1.0,199.99,Card
103309,6,1,216,4.0,999.5,Card
103327,7,4,205,2.0,199.99,UPI
103332,13,4,217,3.0,1500.0,Card
103334,21,4,62,4.0,199.99,Cash
103335,4,1,16,3.0,999.5,Cash
103348,22,2,218,2.0,49.0,Card
103377,3,3,121,4.0,1500.0,Card
103403,20,3,219,1.0,199.99,Unknown
103405,5,4,220,2.0,199.99,Card
103410,13,2,142,2.0,199.99,Unknown
103412,7,6,216,2.0,49.0,Unknown
103414,6,2,137,3.0,999.5,Cash
103419,15,2,10,3.0,49.0,NetBanking
103422,25,5,221,1.0,199.99,UPI
103436,12,5,222,4.0,1500.0,UPI
103456,4,1,223,3.0,1500.0,Card
103460,3,5,224,1.0,49.0,UPI
103482,15,4,225,4.0,49.0,NetBanking
103497,11,4,226,2.0,999.5,Card
103502,3,6,227,4.0,49.0,Card
103505,28,2,129,1.0,49.0,NetBanking
103506,6,1,173,4.0,1500.0,Cash
103510,6,3,228,3.0,999.5,Unknown
103512,7,6,127,1.0,49.0,Cash
103536,5,1,49,4.0,49.0,Unknown
103554,4,3,204,3.0,999.5,Card
103568,5,6,229,4.0,199.99,Unknown
103570,27,5,230,1.0,999.5,UPI
103574,14,5,160,4.0,49.0,NetBanking
103576,26,3,231,2.0,1500.0,UPI
103587,14,1,232,2.0,1500.0,NetBanking
103592,14,6,233,1.0,1500.0,NetBanking
103612,30,1,234,4.0,49.0,Cash
103614,5,1,66,4.0,199.99,UPI
103625,2,3,235,1.0,49.0,Unknown
103633,15,5,236,4.0,999.5,Cash
103640,4,2,217,1.0,1500.0,Cash
103660,7,3,237,2.0,1500.0,UPI
103672,7,6,238,3.0,49.0,Cash
103730,13,5,97,2.0,1500.0,Card
103738,30,2,21,3.0,199.99,Card
103739,10,5,60,2.0,1500.0,Card
103747,14,3,239,4.0,199.99,Cash
103748,13,6,204,2.0,1500.0,UPI
103761,10,1,240,2.0,999.5,Unknown
103773,3,1,241,3.0,999.5,Unknown
103783,25,3,242,2.0,999.5,UPI
103784,8,6,191,3.0,199.99,Cash
103792,14,3,243,3.0,999.5,Card
103795,25,4,244,2.0,1500.0,Cash
103797,25,1,245,3.0,1500.0,Card
103825,3,5,246,2.0,1500.0,UPI
103829,12,1,247,1.0,49.0,Cash
103844,19,6,248,3.0,999.5,NetBanking
103852,3,6,249,3.0,49.0,Cash
103855,11,2,208,1.0,999.5,Card
103871,23,4,250,4.0,999.5,NetBanking
103873,1,5,68,2.0,199.99,Card
103914,13,1,251,2.0,999.5,Unknown
103917,24,5,51,4.0,199.99,Unknown
103921,14,4,252,2.0,1500.0,UPI
103936,27,4,253,4.0,199.99,Cash
103942,3,4,112,4.0,49.0,NetBanking
103967,6,3,254,2.0,49.0,UPI
103979,23,1,125,3.0,999.5,Card
103986,13,2,255,3.0,1500.0,Card
103987,30,4,256,4.0,1500.0,UPI
103994,10,6,257,3.0,49.0,Unknown
104031,14,5,234,4.0,199.99,UPI
104043,3,4,217,2.0,1500.0,Unknown
104046,14,5,258,2.0,999.5,Unknown
104047,14,4,259,2.0,199.99,Cash
104050,16,2,70,2.0,199.99,UPI
104068,6,2,260,3.0,1500.0,Card
104079,23,5,261,3.0,49.0,Cash
104084,12,5,262,2.0,199.99,Cash
104095,18,3,263,2.0,999.5,Unknown
104104,10,1,264,3.0,999.5,Cash
104128,3,4,265,3.0,999.5,Cash
104162,14,3,142,3.0,1500.0,Card
104174,25,2,266,3.0,199.99,Card
104175,28,3,267,4.0,49.0,UPI
104193,20,1,231,3.0,49.0,Unknown
104215,28,3,268,2.0,1500.0,Card
104234,24,1,29,4.0,199.99,UPI
104235,14,4,145,4.0,49.0,NetBanking
104243,28,2,157,2.0,49.0,Card
104249,23,2,269,4.0,49.0,Card
104259,14,5,270,3.0,49.0,Card
104265,1,1,102,1.0,199.99,NetBanking
104287,24,6,257,2.0,1500.0,Cash
104294,10,4,96,2.0,49.0,UPI
104321,10,3,66,1.0,1500.0,Cash
104322,21,4,200,4.0,199.99,Card
104324,19,4,271,3.0,999.5,Unknown
104341,20,3,89,1.0,999.5,Unknown
104345,26,2,272,2.0,999.5,Unknown
104347,25,2,273,4.0,199.99,NetBanking
104353,16,5,274,2.0,199.99,UPI
104357,13,6,177,2.0,49.0,UPI
104360,6,2,262,4.0,999.5,Cash
104376,14,3,275,2.0,1500.0,UPI
104407,1,5,104,3.0,49.0,Unknown
104422,5,1,276,2.0,1500.0,UPI
104425,10,2,222,3.0,999.5,NetBanking
104427,9,2,277,1.0,199.99,Card
104431,3,5,278,3.0,199.99,Card
104438,3,4,178,1.0,999.5,Unknown
104457,26,4,267,1.0,999.5,Unknown
104470,21,4,279,2.0,1500.0,Card
104484,27,3,280,2.0,199.99,Card
104488,1,4,134,3.0,49.0,Unknown
104491,5,5,226,4.0,1500.0,UPI
104501,4,1,239,3.0,999.5,Unknown
104503,22,3,60,1.0,1500.0,Unknown
104509,26,1,278,4.0,49.0,UPI
104519,20,4,214,3.0,999.5,NetBanking
104532,10,3,224,2.0,199.99,Cash
104536,4,3,281,1.0,199.99,Cash
104543,6,5,59,3.0,49.0,Card
104559,27,2,282,4.0,199.99,NetBanking
104563,28,2,181,3.0,49.0,Unknown
104568,14,4,185,1.0,199.99,Unknown
104574,2,2,99,2.0,199.99,Unknown
104615,23,1,283,4.0,49.0,NetBanking
104630,8,4,57,4.0,1500.0,NetBanking
104631,14,6,284,1.0,199.99,Unknown
104635,11,4,285,3.0,199.99,Cash
104640,8,5,76,3.0,49.0,Unknown
104641,3,5,65,3.0,1500.0,Cash
104651,13,3,286,4.0,49.0,UPI
104660,29,6,107,2.0,199.99,UPI
104662,21,1,287,3.0,199.99,NetBanking
104676,8,4,288,1.0,1500.0,UPI
104679,28,6,289,4.0,49.0,Card
104696,9,1,58,1.0,1500.0,Card
104698,15,2,140,2.0,1500.0,UPI
104706,29,4,3,3.0,1500.0,Card
104708,14,1,38,3.0,199.99,NetBanking
104722,11,3,290,2.0,199.99,Card
104725,26,5,291,3.0,49.0,NetBanking
104740,14,2,292,3.0,199.99,Unknown
104741,3,5,246,1.0,1500.0,Unknown
104749,2,4,293,4.0,199.99,Unknown
104751,7,6,294,3.0,199.99,Card
104753,3,6,26,4.0,1500.0,NetBanking
104774,17,2,124,2.0,199.99,Card
104799,14,3,13,1.0,49.0,Unknown
104814,2,3,75,4.0,199.99,UPI
104817,14,5,177,3.0,199.99,UPI
104848,3,1,11,3.0,999.5,UPI
104854,22,4,76,2.0,1500.0,UPI
104868,17,5,295,1.0,49.0,Unknown
104883,25,1,250,3.0,199.99,Cash
104890,3,1,296,2.0,199.99,NetBanking
104897,14,1,53,1.0,1500.0,UPI
104902,29,4,110,3.0,199.99,Cash
104907,13,5,297,1.0,199.99,UPI
104916,19,6,163,2.0,1500.0,NetBanking
104935,15,2,218,1.0,999.5,Card
104945,6,5,105,4.0,999.5,NetBanking
104950,6,1,298,4.0,999.5,UPI
104991,29,4,299,2.0,49.0,NetBanking
104999,13,3,128,2.0,1500.0,Unknown
105003,11,6,300,3.0,1500.0,Cash
105006,1,4,136,4.0,999.5,Unknown
105047,20,6,19,4.0,199.99,Card
105049,20,5,152,2.0,1500.0,Cash
105060,29,1,301,3.0,199.99,Card
105062,25,6,172,2.0,999.5,Unknown
105073,24,5,75,3.0,199.99,Unknown
105078,9,3,302,2.0,999.5,Card
105079,5,6,293,1.0,49.0,Cash
105089,21,2,303,1.0,1500.0,Cash
105118,12,6,179,3.0,999.5,Cash
105131,11,3,299,2.0,1500.0,UPI
105137,9,5,96,1.0,999.5,Card
105148,13,2,304,2.0,999.5,Card
105156,2,1,305,1.0,199.99,Unknown
105162,14,5,306,4.0,999.5,UPI
105165,25,4,307,4.0,199.99,Card
105188,6,5,308,2.0,999.5,NetBanking
105190,1,4,179,3.0,49.0,Unknown
105201,22,4,36,2.0,49.0,Unknown
105252,3,3,143,4.0,199.99,Card
105292,17,3,52,3.0,49.0,UPI
105294,26,1,80,3.0,49.0,Card
105355,16,6,256,4.0,49.0,Cash
105380,2,2,309,2.0,49.0,Card
105392,18,1,310,3.0,199.99,UPI
105412,7,2,305,2.0,199.99,Card
105448,22,3,113,3.0,999.5,Card
105467,1,3,287,1.0,1500.0,UPI
105469,14,3,177,4.0,199.99,NetBanking
105490,8,6,25,4.0,199.99,NetBanking
105495,5,5,311,2.0,999.5,NetBanking
105527,13,3,224,4.0,199.99,UPI
105544,4,4,312,4.0,49.0,UPI
105559,10,4,62,2.0,1500.0,Unknown
105563,11,4,45,1.0,1500.0,NetBanking
105582,21,5,313,3.0,49.0,NetBanking
105584,25,4,249,2.0,199.99,Unknown
105587,21,6,129,3.0,199.99,Unknown
105607,8,4,314,4.0,999.5,NetBanking
105617,25,2,49,3.0,199.99,Unknown
105620,6,1,315,3.0,49.0,UPI
105624,12,5,235,1.0,199.99,Card
105627,3,5,316,4.0,199.99,NetBanking
105628,3,2,29,1.0,999.5,Card
105631,14,6,317,3.0,49.0,Card
105632,14,1,308,1.0,199.99,Cash
105633,13,3,318,1.0,199.99,NetBanking
105688,29,6,299,2.0,49.0,Unknown
105721,2,6,282,3.0,1500.0,NetBanking
105728,25,3,319,4.0,199.99,Cash
105742,14,5,320,2.0,199.99,UPI
105745,25,3,321,4.0,199.99,Card
105751,29,4,310,1.0,1500.0,Unknown
105762,14,5,322,1.0,999.5,Card
105777,14,6,306,4.0,999.5,Cash
105787,6,2,323,4.0,1500.0,NetBanking
105837,17,1,324,2.0,1500.0,Cash
105841,7,6,282,2.0,999.5,NetBanking
105851,12,1,325,3.0,1500.0,UPI
105867,4,1,247,1.0,49.0,Cash
105872,15,3,261,3.0,1500.0,Unknown
105881,16,1,326,3.0,199.99,NetBanking
105884,4,3,291,3.0,199.99,Card
105924,14,4,327,2.0,1500.0,Cash
105929,14,2,328,4.0,49.0,Card
105935,5,2,141,4.0,49.0,Card
105944,25,1,39,1.0,1500.0,Card
105957,13,5,329,3.0,49.0,Unknown
105963,26,5,330,1.0,49.0,UPI
105979,14,3,331,2.0,49.0,Cash
105992,28,5,73,1.0,49.0,NetBanking
106001,16,4,332,3.0,999.5,UPI
106018,15,6,333,2.0,49.0,Cash
106019,19,6,234,3.0,49.0,Unknown
106020,19,3,334,1.0,199.99,Card
106049,4,3,335,2.0,1500.0,Cash
106054,27,4,182,4.0,49.0,Cash
106059,15,3,336,2.0,49.0,NetBanking
106063,4,6,337,4.0,999.5,Unknown
106068,21,1,142,2.0,49.0,Unknown
106080,7,1,120,2.0,999.5,NetBanking
106088,14,2,181,2.0,999.5,Card
106113,13,5,312,2.0,1500.0,Unknown
106114,23,2,137,1.0,1500.0,Unknown
106119,30,2,338,1.0,49.0,UPI
106128,2,3,244,1.0,1500.0,Cash
106134,12,1,339,1.0,199.99,Card
106144,13,6,234,4.0,49.0,NetBanking
106146,18,4,69,3.0,49.0,Card
106157,10,3,4,3.0,999.5,Card
106196,8,1,340,4.0,999.5,NetBanking
106209,14,3,341,2.0,199.99,UPI
106211,17,4,59,2.0,199.99,Unknown
106218,1,4,102,1.0,49.0,Unknown
106222,4,5,17,1.0,1500.0,Card
106243,4,2,311,3.0,199.99,Unknown
106306,22,5,342,2.0,999.5,NetBanking
106309,28,2,343,3.0,1500.0,NetBanking
106311,3,3,159,4.0,199.99,Unknown
106325,4,3,99,4.0,49.0,UPI
106339,30,1,240,2.0,1500.0,Card
106349,22,3,344,1.0,999.5,Card
106351,2,3,345,1.0,1500.0,NetBanking
106367,14,6,346,2.0,1500.0,UPI
106370,14,6,23,1.0,1500.0,Unknown
106388,2,3,347,2.0,1500.0,Unknown
106408,15,6,135,3.0,49.0,NetBanking
106424,25,6,112,3.0,999.5,NetBanking
106430,13,4,111,1.0,1500.0,Cash
106460,24,5,193,3.0,1500.0,Unknown
106462,9,3,123,1.0,199.99,NetBanking
106469,1,5,328,2.0,199.99,Cash
106473,19,5,63,2.0,199.99,Unknown
106480,24,5,348,2.0,1500.0,NetBanking
106502,21,6,349,1.0,199.99,Unknown
106513,2,5,67,2.0,999.5,NetBanking
106516,8,3,350,4.0,1500.0,Cash
106543,9,4,12,2.0,49.0,Unknown
106586,10,1,351,1.0,49.0,Card
106587,8,2,39,3.0,49.0,Cash
106601,9,2,24,3.0,1500.0,Cash
106607,30,1,352,1.0,1500.0,UPI
106628,2,6,353,1.0,1500.0,Card
106630,10,2,354,3.0,999.5,Cash
106636,7,2,164,3.0,199.99,NetBanking
106637,10,2,340,3.0,1500.0,NetBanking
106661,7,2,351,3.0,999.5,NetBanking
106688,7,1,163,1.0,1500.0,Card
106691,14,4,203,3.0,199.99,Card
106711,17,5,107,3.0,1500.0,Unknown
106714,2,6,318,2.0,199.99,Card
106725,19,4,85,3.0,199.99,Unknown
106743,9,5,234,2.0,199.99,Unknown
106749,11,4,355,4.0,1500.0,Unknown
106752,23,5,48,4.0,1500.0,Unknown
106755,26,5,356,4.0,49.0,Card
106756,24,1,49,4.0,49.0,Unknown
106774,9,2,357,1.0,1500.0,Unknown
106783,8,6,358,4.0,999.5,Unknown
106811,7,5,321,3.0,199.99,Card
106812,29,4,187,1.0,1500.0,Card
106818,24,2,162,3.0,999.5,Unknown
106839,6,6,359,2.0,199.99,Card
106854,4,3,360,3.0,49.0,Cash
106857,14,6,361,2.0,199.99,NetBanking
106858,4,4,362,3.0,199.99,UPI
106864,16,6,57,1.0,1500.0,Unknown
106897,20,6,363,1.0,999.5,Cash
106934,19,2,103,3.0,999.5,NetBanking
106945,5,3,322,3.0,199.99,NetBanking
106973,14,4,41,3.0,49.0,Unknown
106989,14,4,176,1.0,199.99,NetBanking
106993,14,1,124,2.0,999.5,UPI
107008,30,5,364,1.0,199.99,Card
107021,14,2,172,1.0,49.0,Cash
107033,6,3,365,1.0,1500.0,Unknown
107042,10,1,366,2.0,199.99,Unknown
107073,4,4,121,3.0,1500.0,UPI
107078,27,5,367,3.0,49.0,UPI
107079,6,3,191,4.0,199.99,Cash
107089,17,6,368,3.0,199.99,Card
107093,30,3,10,2.0,999.5,Unknown
107097,14,6,369,2.0,1500.0,Card
107099,26,3,45,2.0,199.99,Cash
107107,28,4,370,2.0,999.5,Unknown
107111,29,3,311,2.0,49.0,UPI
107119,14,2,371,2.0,199.99,UPI
107120,22,2,225,3.0,999.5,Card
107123,13,2,248,2.0,1500.0,UPI
107132,6,2,372,3.0,999.5,Cash
107156,24,3,149,2.0,199.99,Unknown
107164,14,5,216,3.0,199.99,UPI
107170,26,1,32,4.0,1500.0,NetBanking
107178,10,4,373,2.0,199.99,UPI
107192,14,2,104,2.0,1500.0,Unknown
107200,3,2,374,1.0,49.0,Unknown
107214,20,1,346,2.0,199.99,Card
107241,13,3,324,4.0,1500.0,UPI
107274,30,6,375,4.0,999.5,NetBanking
107293,28,6,195,3.0,199.99,Card
107295,4,5,326,2.0,1500.0,Cash
107297,7,5,106,1.0,999.5,Cash
107311,16,1,123,3.0,1500.0,UPI
107318,10,2,91,4.0,199.99,NetBanking
107351,20,2,145,3.0,999.5,Unknown
107367,1,3,376,3.0,999.5,Unknown
107368,5,6,377,2.0,999.5,Card
107379,26,2,211,2.0,999.5,Card
107398,3,6,121,2.0,1500.0,Card
107404,15,5,370,2.0,199.99,NetBanking
107414,25,5,109,3.0,999.5,Cash
107416,30,5,378,3.0,199.99,NetBanking
107417,30,1,373,3.0,49.0,UPI
107425,27,4,189,1.0,49.0,UPI
107426,10,3,280,2.0,199.99,NetBanking
107437,22,1,379,3.0,999.5,NetBanking
107455,25,2,341,2.0,999.5,NetBanking
107458,3,3,125,2.0,999.5,Unknown
107466,8,4,72,1.0,199.99,Card
107467,1,5,183,3.0,999.5,Card
107472,3,6,380,3.0,199.99,Unknown
107473,10,4,258,4.0,999.5,Card
107474,19,1,381,3.0,999.5,Unknown
107485,10,4,382,4.0,999.5,NetBanking
107486,6,3,357,2.0,49.0,Cash
107494,14,3,17,2.0,999.5,Card
107496,14,2,362,4.0,199.99,NetBanking
107499,24,5,175,4.0,199.99,Cash
107515,27,5,340,2.0,49.0,Unknown
107525,25,2,383,3.0,999.5,NetBanking
107527,21,5,384,2.0,999.5,Cash
107534,30,2,354,4.0,999.5,Card
107538,25,5,324,2.0,49.0,UPI
107545,8,4,177,4.0,999.5,Unknown
107555,1,4,385,2.0,199.99,Card
107566,8,5,279,1.0,49.0,UPI
107595,14,5,386,4.0,49.0,UPI
107611,3,1,387,4.0,999.5,Unknown
107622,14,6,216,2.0,1500.0,NetBanking
107627,1,1,241,1.0,999.5,NetBanking
107634,26,2,226,1.0,199.99,Card
107635,6,2,349,1.0,49.0,Card
107639,13,1,388,1.0,49.0,Unknown
107644,6,5,161,3.0,49.0,Cash
107652,1,3,389,3.0,49.0,UPI
107661,30,2,390,2.0,49.0,Unknown
107674,2,5,58,2.0,49.0,Unknown
107721,28,2,391,2.0,199.99,UPI
107731,27,1,58,2.0,999.5,Unknown
107749,3,2,60,2.0,1500.0,Card
107796,28,2,221,1.0,199.99,Cash
107799,11,2,214,1.0,49.0,Cash
107809,17,3,50,2.0,1500.0,Card
107810,22,1,392,1.0,199.99,Unknown
107829,16,4,393,1.0,49.0,UPI
107863,27,3,30,2.0,49.0,Card
107872,14,3,380,3.0,199.99,NetBanking
107875,8,1,394,2.0,49.0,Cash
107881,3,4,325,2.0,199.99,Card
107899,13,3,84,4.0,199.99,Unknown
107902,6,5,305,2.0,1500.0,UPI
107910,9,6,49,1.0,199.99,UPI
107926,15,6,197,3.0,49.0,Card
107928,6,1,140,3.0,49.0,Unknown
107931,21,6,74,4.0,999.5,NetBanking
107965,16,2,242,3.0,1500.0,Cash
107966,8,5,370,1.0,1500.0,Unknown
107974,27,5,333,3.0,199.99,Unknown
107983,18,4,395,2.0,999.5,Cash
107991,14,6,313,4.0,999.5,Unknown
107999,22,3,150,3.0,49.0,Card
108042,14,3,115,2.0,999.5,UPI
108046,1,2,256,3.0,199.99,Card
108050,1,3,396,3.0,999.5,Cash
108054,1,6,397,1.0,49.0,NetBanking
108067,14,2,119,1.0,1500.0,Card
108068,22,4,398,2.0,1500.0,Card
108077,9,4,27,3.0,1500.0,Cash
108088,15,6,244,3.0,999.5,Cash
108098,8,6,241,4.0,999.5,Unknown
108117,21,2,109,1.0,1500.0,Unknown
108135,10,5,399,4.0,1500.0,NetBanking
108142,9,2,122,4.0,49.0,Unknown
108156,2,4,255,4.0,1500.0,UPI
108170,4,6,4,1.0,1500.0,Cash
108177,24,2,400,1.0,1500.0,UPI
108193,25,3,175,3.0,49.0,Cash
108200,22,4,401,2.0,199.99,Card
108233,15,4,402,1.0,49.0,UPI
108241,18,4,403,2.0,49.0,NetBanking
108251,10,4,297,3.0,199.99,Unknown
108255,27,5,343,4.0,49.0,UPI
108256,9,2,164,1.0,1500.0,Unknown
108257,1,1,348,4.0,999.5,NetBanking
108265,14,1,369,3.0,199.99,UPI
108266,13,1,258,4.0,49.0,Card
108271,28,1,404,4.0,49.0,Cash
108311,7,2,405,3.0,199.99,Cash
108328,2,3,256,4.0,1500.0,UPI
108329,27,5,38,3.0,199.99,Unknown
108333,19,5,392,3.0,199.99,NetBanking
108337,27,4,342,1.0,199.99,Unknown
108368,7,1,188,3.0,999.5,Cash
108373,13,4,364,2.0,199.99,NetBanking
108388,16,2,227,3.0,999.5,UPI
108389,3,6,291,3.0,999.5,NetBanking
108396,30,2,297,4.0,49.0,NetBanking
108434,19,5,166,4.0,999.5,Unknown
108439,4,5,167,4.0,1500.0,Cash
108465,16,2,20,3.0,999.5,Cash
108469,10,6,77,1.0,999.5,Unknown
108477,29,6,406,3.0,199.99,UPI
108480,25,3,407,3.0,1500.0,Cash
108500,14,3,20,4.0,49.0,UPI
108504,26,2,408,3.0,49.0,Card
108507,13,5,327,3.0,199.99,UPI
108524,8,4,294,1.0,199.99,NetBanking
108528,18,1,278,2.0,199.99,Unknown
108563,6,1,252,2.0,1500.0,Cash
108568,12,6,132,1.0,999.5,NetBanking
108572,29,1,142,4.0,199.99,Card
108577,24,5,118,1.0,49.0,Cash
108591,9,4,376,3.0,49.0,Cash
108612,9,1,409,2.0,199.99,Card
108614,27,6,285,1.0,199.99,NetBanking
108617,29,4,114,2.0,49.0,NetBanking
108619,9,3,228,3.0,49.0,UPI
108639,13,4,33,1.0,1500.0,Unknown
108648,4,4,410,3.0,999.5,Unknown
108657,14,6,103,4.0,199.99,NetBanking
108663,23,6,411,1.0,199.99,NetBanking
108666,26,5,208,1.0,999.5,NetBanking
108680,6,3,91,1.0,999.5,NetBanking
108685,1,1,14,1.0,999.5,NetBanking
108699,25,6,397,4.0,199.99,Unknown
108708,14,3,229,4.0,49.0,NetBanking
108713,13,4,129,2.0,1500.0,Cash
108758,23,6,176,4.0,49.0,Card
108759,14,1,137,1.0,199.99,UPI
108767,29,6,364,1.0,199.99,Cash
108776,7,5,136,3.0,999.5,Cash
108777,12,5,330,2.0,199.99,Card
108778,1,1,241,4.0,1500.0,NetBanking
108779,7,3,412,2.0,199.99,Unknown
108796,28,2,268,2.0,199.99,UPI
108821,23,4,227,3.0,49.0,UPI
108826,12,2,165,4.0,999.5,Cash
108832,10,1,210,3.0,199.99,Unknown
108848,27,3,228,4.0,999.5,UPI
108881,5,1,296,4.0,1500.0,Unknown
108886,17,2,301,3.0,49.0,Cash
108911,3,5,324,1.0,1500.0,Card
108917,14,4,343,4.0,49.0,Card
108921,9,4,112,3.0,199.99,Card
108945,6,2,375,4.0,49.0,NetBanking
108961,14,2,61,3.0,49.0,Unknown
108962,1,1,413,1.0,199.99,Unknown
108968,17,2,399,4.0,999.5,NetBanking
108972,28,4,296,4.0,1500.0,Cash
108978,1,1,327,1.0,999.5,Cash
108982,10,6,414,1.0,1500.0,NetBanking
108984,14,2,26,4.0,999.5,Cash
108993,10,1,105,3.0,1500.0,UPI
109044,29,6,146,2.0,49.0,NetBanking
109047,19,1,340,3.0,199.99,UPI
109053,16,6,176,1.0,999.5,Cash
109058,6,1,239,1.0,49.0,Card
109075,14,3,318,3.0,999.5,Cash
109081,20,3,415,4.0,199.99,NetBanking
109088,6,6,160,1.0,999.5,UPI
109089,3,4,13,1.0,999.5,Card
109116,1,4,390,1.0,1500.0,NetBanking
109119,30,1,159,1.0,199.99,UPI
109120,15,4,249,3.0,49.0,Unknown
109154,3,2,272,4.0,199.99,UPI
109157,8,6,180,3.0,999.5,UPI
109168,28,3,298,4.0,999.5,Cash
109178,3,3,324,2.0,999.5,NetBanking
109185,1,4,137,3.0,999.5,Unknown
109197,2,2,410,1.0,199.99,Card
109214,29,6,296,2.0,999.5,Cash
109215,25,2,372,3.0,199.99,Unknown
109226,8,4,63,1.0,199.99,UPI
109248,25,2,46,4.0,199.99,UPI
109257,14,4,31,3.0,49.0,NetBanking
109263,22,2,414,2.0,999.5,NetBanking
109264,9,1,383,2.0,49.0,Card
109267,27,4,61,1.0,1500.0,Card
109270,3,6,126,1.0,999.5,Card
109275,9,5,416,2.0,49.0,NetBanking
109288,21,2,90,1.0,1500.0,Unknown
109333,14,2,255,4.0,1500.0,Unknown
109346,8,2,198,4.0,1500.0,Card
109349,5,2,191,2.0,199.99,Card
109358,1,6,165,3.0,49.0,NetBanking
109361,23,4,216,4.0,999.5,NetBanking
109368,30,4,244,2.0,999.5,UPI
109369,12,1,189,3.0,999.5,Unknown
109370,3,3,106,1.0,999.5,Unknown
109388,15,4,318,4.0,199.99,UPI
109407,18,6,29,3.0,1500.0,NetBanking
109443,2,4,397,4.0,1500.0,Unknown
109471,21,6,34,3.0,49.0,Card
109472,10,3,224,1.0,999.5,NetBanking
109478,26,4,301,4.0,199.99,NetBanking
109487,3,5,380,3.0,1500.0,NetBanking
109493,30,3,111,3.0,49.0,Cash
109497,12,1,417,1.0,199.99,UPI
109510,2,6,350,2.0,199.99,Card
109513,9,4,131,3.0,1500.0,NetBanking
109524,4,6,263,1.0,1500.0,Card
109526,14,1,386,3.0,49.0,Cash
109530,25,5,418,4.0,1500.0,Card
109570,7,3,105,4.0,999.5,Unknown
109574,1,4,419,4.0,999.5,Cash
109588,18,1,151,3.0,199.99,NetBanking
109620,4,1,22,1.0,49.0,Card
109642,16,4,147,2.0,199.99,Card
109649,25,5,216,3.0,49.0,Card
109652,29,2,274,3.0,49.0,Unknown
109663,6,6,199,3.0,199.99,NetBanking
109672,7,3,132,3.0,199.99,NetBanking
109681,13,2,327,4.0,49.0,NetBanking
109703,10,1,38,4.0,999.5,Card
109705,24,4,293,1.0,199.99,UPI
109706,16,4,259,2.0,999.5,Cash
109711,12,2,173,1.0,999.5,UPI
109728,14,5,273,4.0,999.5,Unknown
109745,14,2,10,3.0,999.5,Card
109749,9,3,420,3.0,199.99,Card
109764,13,4,421,1.0,1500.0,UPI
109769,10,3,422,3.0,49.0,NetBanking
109771,14,6,423,2.0,999.5,Unknown
109774,16,3,424,1.0,1500.0,UPI
109804,7,4,356,4.0,199.99,NetBanking
109815,24,2,379,1.0,1500.0,Unknown
109818,13,1,161,3.0,1500.0,UPI
109824,27,4,231,3.0,999.5,Cash
109831,14,6,155,2.0,199.99,Unknown
109832,24,6,169,4.0,49.0,NetBanking
109854,3,1,168,1.0,199.99,Cash
109873,25,4,123,1.0,999.5,NetBanking
109881,9,2,32,4.0,49.0,Card
109900,3,4,316,1.0,1500.0,Cash
109911,4,3,425,3.0,999.5,UPI
109912,17,3,339,4.0,999.5,UPI
109917,27,6,156,4.0,1500.0,UPI
109928,5,2,153,3.0,199.99,NetBanking
109953,18,1,12,4.0,1500.0,UPI
109975,24,1,426,2.0,999.5,Card
109982,25,3,70,1.0,49.0,NetBanking
109985,8,2,395,2.0,1500.0,NetBanking
109987,5,4,264,3.0,1500.0,Card
109989,14,5,408,4.0,199.99,Cash
109995,27,1,232,4.0,49.0,Card
110000,30,4,35,3.0,199.99,Cash
110016,13,5,21,4.0,999.5,UPI
110017,13,6,147,4.0,49.0,Unknown
110032,13,1,427,4.0,999.5,Unknown
110034,28,2,283,4.0,1500.0,NetBanking
110054,10,2,428,1.0,1500.0,NetBanking
110057,14,2,429,3.0,1500.0,Card
110063,22,3,294,4.0,1500.0,Unknown
110065,25,2,147,3.0,49.0,Cash
110066,13,6,430,1.0,199.99,Unknown
110068,5,3,211,4.0,199.99,Card
110073,13,1,431,2.0,49.0,UPI
110076,2,3,353,1.0,49.0,Card
110087,15,5,44,4.0,999.5,Card
110116,15,6,139,2.0,999.5,UPI
110131,3,6,432,3.0,1500.0,Card
110136,4,4,163,3.0,999.5,UPI
110137,18,6,389,4.0,199.99,UPI
110142,14,2,97,2.0,999.5,Cash
110144,21,6,148,2.0,1500.0,Cash
110146,15,1,356,3.0,199.99,Card
110157,6,4,56,3.0,999.5,Unknown
110192,12,4,265,1.0,199.99,UPI
110196,14,2,120,4.0,1500.0,UPI
110203,15,5,433,2.0,49.0,Card
110215,4,3,364,2.0,199.99,Card
110229,8,5,193,3.0,49.0,UPI
110232,4,2,94,2.0,999.5,UPI
110237,14,3,77,4.0,199.99,Unknown
110240,4,3,239,2.0,999.5,Unknown
110245,26,5,390,1.0,49.0,NetBanking
110249,26,4,252,4.0,1500.0,Cash
110263,25,6,406,2.0,199.99,NetBanking
110276,15,4,434,4.0,199.99,Unknown
110286,15,3,435,1.0,49.0,Cash
110287,14,3,423,4.0,49.0,Unknown
110289,18,2,77,4.0,1500.0,Unknown
110296,6,2,204,4.0,49.0,UPI
110298,21,4,283,2.0,199.99,UPI
110299,10,5,227,2.0,1500.0,Card
110308,25,6,249,1.0,999.5,UPI
110318,11,5,417,1.0,999.5,Cash
110334,6,6,305,1.0,199.99,NetBanking
110335,13,2,162,4.0,49.0,Unknown
110355,15,6,436,4.0,1500.0,Card
110357,13,2,421,2.0,199.99,UPI
110362,14,3,80,2.0,49.0,NetBanking
110366,17,4,296,3.0,1500.0,Unknown
110367,1,3,357,1.0,49.0,UPI
110405,15,2,185,1.0,49.0,Card
110431,14,5,437,1.0,1500.0,NetBanking
110433,9,1,311,4.0,199.99,Unknown
110438,15,5,64,4.0,199.99,Cash
110439,28,1,168,4.0,199.99,UPI
110440,19,2,166,1.0,999.5,UPI
110444,1,4,110,4.0,199.99,NetBanking
110447,19,1,250,4.0,199.99,Cash
110466,18,4,297,1.0,1500.0,Cash
110475,25,1,368,4.0,1500.0,UPI
110494,12,4,438,4.0,49.0,Cash
110496,14,5,113,4.0,1500.0,Unknown
110517,28,3,163,4.0,999.5,NetBanking
110522,25,1,439,3.0,49.0,Unknown
110526,25,5,379,1.0,49.0,Card
110544,21,6,159,2.0,49.0,Cash
110553,16,1,359,1.0,999.5,UPI
110561,8,3,434,1.0,199.99,Card
110565,15,2,51,1.0,999.5,Cash
110571,7,2,207,3.0,199.99,UPI
110572,25,1,311,1.0,199.99,Card
110577,27,3,366,3.0,999.5,Unknown
110584,3,4,91,3.0,199.99,UPI
110615,17,4,34,1.0,1500.0,NetBanking
110622,23,3,440,4.0,1500.0,NetBanking
110632,19,1,314,4.0,199.99,Card
110638,13,5,173,2.0,999.5,Cash
110668,14,5,339,2.0,1500.0,NetBanking
110671,4,6,176,4.0,49.0,NetBanking
110684,3,5,208,3.0,999.5,Unknown
110695,30,2,149,1.0,49.0,Unknown
110708,4,5,2,1.0,49.0,Card
110712,15,4,311,2.0,999.5,UPI
110724,21,4,441,1.0,49.0,UPI
110729,21,5,132,2.0,999.5,Card
110750,3,5,28,1.0,999.5,Cash
110796,16,2,416,3.0,49.0,UPI
110797,7,5,360,4.0,199.99,Cash
110799,22,5,97,3.0,1500.0,NetBanking
110803,6,4,392,4.0,1500.0,Cash
110805,5,5,121,4.0,999.5,NetBanking
110810,14,3,43,1.0,1500.0,Unknown
110811,21,6,371,2.0,1500.0,Card
110837,10,1,180,4.0,999.5,Card
110862,25,5,442,1.0,49.0,NetBanking
110863,9,5,357,1.0,49.0,UPI
110866,13,4,209,1.0,199.99,NetBanking
110869,13,6,194,4.0,49.0,NetBanking
110882,9,5,385,1.0,49.0,Cash
110886,13,6,234,4.0,1500.0,UPI
110898,7,2,267,2.0,49.0,Card
110900,7,3,35,3.0,49.0,Cash
110908,3,6,296,1.0,49.0,Unknown
110911,14,4,173,1.0,999.5,Unknown
110923,9,6,207,2.0,1500.0,Card
110972,13,2,306,2.0,1500.0,NetBanking
110976,28,2,443,2.0,1500.0,Card
110987,6,4,231,4.0,1500.0,Unknown
111022,11,3,16,4.0,1500.0,NetBanking
111024,4,6,372,1.0,1500.0,Unknown
111040,10,2,190,2.0,49.0,Cash
111044,17,2,74,3.0,49.0,Unknown
111045,25,6,405,3.0,999.5,Unknown
111061,20,6,110,2.0,999.5,NetBanking
111069,16,1,32,4.0,1500.0,NetBanking
111105,8,4,205,1.0,49.0,UPI
111109,22,6,375,2.0,49.0,UPI
111127,6,3,444,3.0,999.5,Unknown
111139,16,5,33,4.0,999.5,Card
111167,13,1,245,3.0,199.99,Cash
111181,23,4,146,4.0,1500.0,Unknown
111183,11,5,21,1.0,999.5,Card
111196,2,5,445,2.0,199.99,NetBanking
111199,8,6,446,2.0,999.5,NetBanking
111205,10,3,402,4.0,49.0,Unknown
111209,17,3,112,2.0,1500.0,UPI
111215,29,1,287,4.0,999.5,Unknown
111224,5,1,49,3.0,49.0,Card
111243,16,2,288,1.0,199.99,Cash
111258,15,6,210,1.0,999.5,Cash
111261,14,6,89,3.0,999.5,Card
111273,13,5,71,2.0,199.99,Cash
111279,9,3,447,3.0,999.5,Unknown
111282,11,4,329,3.0,1500.0,Cash
111286,13,6,169,3.0,999.5,Card
111298,6,1,409,4.0,999.5,Card
111319,19,4,284,4.0,999.5,Cash
111332,15,2,237,2.0,199.99,Card
111342,15,1,13,1.0,999.5,NetBanking
111357,14,5,324,3.0,1500.0,Cash
111365,28,5,155,3.0,1500.0,UPI
111367,1,3,35,3.0,1500.0,UPI
111368,14,5,17,2.0,199.99,Cash
111379,28,3,343,3.0,999.5,Card
111384,2,1,448,2.0,199.99,Unknown
111391,26,6,176,4.0,49.0,UPI
111401,14,3,60,3.0,1500.0,Cash
111417,11,1,430,4.0,199.99,NetBanking
111436,25,4,445,4.0,49.0,Unknown
111455,16,5,410,4.0,1500.0,NetBanking
111456,30,4,449,1.0,999.5,NetBanking
111458,10,5,10,3.0,999.5,Cash
111474,14,2,164,3.0,1500.0,Cash
111478,10,4,204,3.0,49.0,Unknown
111489,30,1,204,4.0,49.0,Cash
111515,25,2,450,4.0,1500.0,Unknown
111516,29,6,445,1.0,49.0,Cash
111526,27,1,404,3.0,1500.0,UPI
111536,3,6,451,3.0,999.5,Cash
111543,23,6,126,1.0,199.99,Card
111544,20,1,70,2.0,199.99,UPI
111562,3,1,89,1.0,999.5,UPI
111569,12,6,170,1.0,49.0,UPI
111570,14,2,382,3.0,49.0,Unknown
111585,14,5,131,1.0,999.5,NetBanking
111615,1,6,176,4.0,49.0,Unknown
111616,8,6,397,1.0,999.5,UPI
111617,6,1,146,2.0,1500.0,NetBanking
111622,1,4,452,3.0,999.5,Unknown
111623,30,6,27,1.0,49.0,Cash
111626,23,6,453,4.0,49.0,Card
111642,3,3,44,2.0,999.5,Unknown
111651,12,2,393,2.0,199.99,Card
111653,14,2,404,1.0,999.5,NetBanking
111658,22,2,96,4.0,199.99,UPI
111706,21,6,260,2.0,199.99,Unknown
111710,20,1,67,1.0,999.5,NetBanking
111711,14,1,331,2.0,49.0,NetBanking
111713,15,4,268,1.0,49.0,Unknown
111719,28,5,315,2.0,49.0,Card
111725,25,5,81,1.0,199.99,Unknown
111729,14,5,18,3.0,999.5,NetBanking
111737,21,1,375,3.0,49.0,Unknown
111741,23,1,227,1.0,1500.0,Card
111771,25,1,212,4.0,1500.0,NetBanking
111773,25,6,48,1.0,1500.0,NetBanking
111789,8,5,93,2.0,999.5,Cash
111794,1,5,342,1.0,999.5,Cash
111817,26,5,165,1.0,1500.0,UPI
111836,5,5,148,2.0,199.99,NetBanking
111846,4,2,436,2.0,999.5,Card
111854,26,4,73,4.0,999.5,NetBanking
111855,18,3,264,1.0,999.5,Unknown
111864,14,5,32,1.0,199.99,Card
111867,15,3,454,1.0,1500.0,Unknown
111869,2,3,197,2.0,199.99,Card
111878,2,4,455,3.0,49.0,Card
111882,13,3,58,2.0,1500.0,Cash
111890,14,1,384,3.0,999.5,Card
111893,7,4,365,3.0,199.99,NetBanking
111904,1,5,55,3.0,199.99,Unknown
111924,14,4,312,3.0,199.99,NetBanking
111925,25,1,227,4.0,199.99,NetBanking
111927,25,3,208,4.0,1500.0,Cash
111931,10,6,268,4.0,1500.0,Cash
111938,14,1,130,3.0,999.5,Cash
111939,10,6,152,4.0,199.99,Cash
111942,28,4,407,1.0,1500.0,NetBanking
111945,17,6,364,1.0,1500.0,Unknown
111955,1,2,200,1.0,199.99,Cash
111965,17,1,287,4.0,1500.0,NetBanking
111966,13,6,189,3.0,999.5,Card
111999,14,2,52,1.0,199.99,NetBanking
112001,10,3,456,4.0,199.99,Unknown
112020,6,2,363,3.0,199.99,NetBanking
112023,30,6,159,3.0,1500.0,Cash
112034,29,6,20,1.0,999.5,NetBanking
112037,9,3,67,2.0,1500.0,Unknown
112051,21,3,330,4.0,49.0,UPI
112053,18,1,457,1.0,1500.0,Card
112061,19,2,78,4.0,1500.0,NetBanking
112063,14,6,443,2.0,999.5,Cash
112070,16,3,458,1.0,1500.0,Cash
112079,15,6,459,1.0,199.99,UPI
112082,26,5,135,1.0,999.5,UPI
112085,27,1,209,2.0,1500.0,Card
112103,28,2,459,1.0,1500.0,UPI
112106,21,6,420,1.0,999.5,NetBanking
112109,5,6,102,2.0,49.0,Unknown
112124,29,1,101,4.0,49.0,Cash
112131,1,5,212,3.0,1500.0,Cash
112132,8,3,148,3.0,999.5,UPI
112137,10,5,263,4.0,999.5,Cash
112140,26,1,233,2.0,999.5,Card
112142,14,5,64,3.0,999.5,NetBanking
112168,3,3,358,1.0,199.99,Card
112173,24,1,96,2.0,999.5,Card
112174,2,1,398,2.0,1500.0,Unknown
112176,10,5,252,1.0,49.0,Unknown
112180,13,4,35,4.0,49.0,NetBanking
112184,17,3,263,1.0,199.99,NetBanking
112189,30,2,364,2.0,49.0,Card
112191,30,1,270,3.0,999.5,Card
112202,7,5,113,3.0,1500.0,Unknown
112207,11,3,230,4.0,49.0,Cash
112214,11,4,265,4.0,1500.0,Unknown
112215,13,5,387,2.0,999.5,Unknown
112220,1,5,430,1.0,49.0,Unknown
112221,15,2,39,3.0,1500.0,Card
112228,27,1,349,2.0,49.0,NetBanking
112240,3,1,460,4.0,1500.0,UPI
112243,29,3,366,4.0,1500.0,Cash
112258,16,1,82,3.0,199.99,NetBanking
112262,11,2,170,1.0,49.0,Card
112266,18,6,423,2.0,49.0,UPI
112269,6,5,457,2.0,1500.0,NetBanking
112271,20,5,134,2.0,1500.0,Cash
112272,14,1,461,2.0,49.0,UPI
112279,25,5,354,2.0,49.0,NetBanking
112295,5,4,373,3.0,199.99,NetBanking
112298,3,5,371,4.0,199.99,UPI
112301,10,4,462,4.0,1500.0,Cash
112316,7,1,271,3.0,199.99,NetBanking
112319,26,1,463,4.0,199.99,Unknown
112323,6,2,263,3.0,49.0,Cash
112338,1,5,464,1.0,1500.0,Cash
112345,25,1,112,2.0,999.5,Cash
112346,1,6,269,1.0,199.99,Cash
112352,13,5,405,2.0,1500.0,NetBanking
112362,23,2,465,1.0,199.99,Cash
112378,28,6,239,3.0,999.5,NetBanking
112379,3,3,318,1.0,49.0,Unknown
112382,15,1,32,1.0,1500.0,Card
112401,1,6,390,1.0,999.5,Card
112413,29,5,333,4.0,49.0,Card
112430,19,4,466,1.0,199.99,NetBanking
112453,24,2,456,1.0,199.99,Unknown
112455,10,2,59,4.0,999.5,Card
112499,27,4,76,2.0,999.5,UPI
112511,21,3,379,4.0,1500.0,UPI
112527,4,1,192,2.0,199.99,Card
112535,8,2,121,1.0,199.99,Unknown
112552,28,6,336,3.0,49.0,Cash
112561,13,2,353,1.0,49.0,Card
112565,15,4,387,2.0,1500.0,NetBanking
112568,9,2,122,2.0,49.0,NetBanking
112577,2,6,238,4.0,1500.0,Card
112587,8,3,90,4.0,199.99,Cash
112595,12,5,349,4.0,199.99,Unknown
112596,21,6,459,4.0,199.99,Cash
112616,14,1,251,2.0,1500.0,UPI
112632,8,6,335,4.0,49.0,Unknown
112647,10,2,151,4.0,49.0,Unknown
112650,21,2,29,1.0,199.99,UPI
112661,19,3,71,3.0,49.0,Card
112674,12,3,349,2.0,1500.0,Card
112681,4,2,364,1.0,199.99,NetBanking
112689,25,5,222,1.0,199.99,Card
112708,25,2,78,4.0,1500.0,Unknown
112713,4,1,467,3.0,49.0,Cash
112719,7,5,180,1.0,199.99,Card
112745,12,4,278,2.0,49.0,UPI
112747,14,1,374,2.0,199.99,UPI
112781,20,4,28,2.0,1500.0,UPI
112785,28,1,408,3.0,999.5,Cash
112791,13,3,358,3.0,999.5,UPI
112794,12,6,259,2.0,1500.0,Card
112796,9,6,194,3.0,1500.0,Unknown
112808,14,4,379,3.0,49.0,UPI
112818,3,6,421,4.0,999.5,UPI
112838,18,2,55,1.0,1500.0,Cash
112843,6,4,468,2.0,49.0,Unknown
112852,26,2,311,4.0,199.99,Unknown
112858,3,1,225,2.0,199.99,Cash
112871,5,4,234,1.0,1500.0,Card
112879,9,5,9,1.0,199.99,Card
112882,25,1,452,3.0,999.5,Unknown
112887,29,1,63,3.0,199.99,Cash
112909,24,6,469,3.0,1500.0,Cash
112928,1,3,276,3.0,999.5,NetBanking
112977,15,5,234,2.0,1500.0,NetBanking
112998,6,2,80,2.0,199.99,NetBanking
113000,8,1,249,1.0,1500.0,Unknown
113006,21,2,71,4.0,199.99,UPI
113020,14,3,280,1.0,49.0,NetBanking
113037,7,2,381,1.0,999.5,NetBanking
113047,1,5,193,2.0,49.0,Card
113065,24,3,173,4.0,49.0,Unknown
113066,18,1,158,1.0,49.0,Card
113076,13,4,158,3.0,999.5,Cash
113084,3,5,128,4.0,49.0,Cash
113106,6,5,345,2.0,999.5,Card
113110,10,6,232,2.0,199.99,Card
113154,10,4,119,3.0,999.5,Cash
113156,17,5,288,3.0,999.5,UPI
113167,28,2,336,2.0,999.5,UPI
113168,30,2,245,3.0,199.99,Card
113174,9,3,263,2.0,49.0,UPI
113183,7,1,80,3.0,999.5,NetBanking
113199,14,6,62,3.0,1500.0,Unknown
113212,21,6,202,3.0,49.0,Card
113214,8,2,470,1.0,1500.0,Unknown
113251,1,5,28,2.0,1500.0,Cash
113253,9,5,10,4.0,999.5,Card
113265,24,5,180,3.0,49.0,NetBanking
113284,24,4,240,2.0,199.99,NetBanking
113285,2,4,335,1.0,199.99,UPI
113288,1,5,145,3.0,199.99,Card
113291,5,3,9,4.0,999.5,UPI
113298,24,5,176,1.0,199.99,NetBanking
113323,4,3,141,4.0,1500.0,Unknown
113334,27,1,207,4.0,1500.0,Unknown
113351,18,6,429,4.0,49.0,Unknown
113352,10,1,137,2.0,1500.0,Card
113354,13,6,471,1.0,1500.0,Cash
113377,20,3,259,3.0,199.99,Unknown
113382,17,4,154,3.0,999.5,NetBanking
113391,4,6,252,1.0,199.99,Unknown
113405,3,6,351,1.0,199.99,Unknown
113417,22,2,81,4.0,199.99,Unknown
113424,25,2,286,2.0,1500.0,NetBanking
113429,11,6,335,1.0,999.5,Card
113430,6,6,169,2.0,199.99,Card
113432,4,4,451,1.0,999.5,UPI
113440,14,5,302,3.0,1500.0,NetBanking
113441,12,3,56,1.0,999.5,NetBanking
113443,14,3,395,3.0,1500.0,Cash
113445,16,5,472,1.0,1500.0,NetBanking
113447,2,5,266,3.0,49.0,NetBanking
113449,13,1,279,4.0,199.99,Cash
113468,4,5,413,1.0,199.99,Card
113476,8,1,444,3.0,999.5,Unknown
113478,1,5,422,1.0,1500.0,Card
113482,23,3,325,2.0,999.5,NetBanking
113486,6,6,258,2.0,999.5,Unknown
113498,8,1,382,1.0,49.0,Card
113499,18,6,50,3.0,49.0,UPI
113503,6,3,429,3.0,1500.0,UPI
113533,13,2,95,4.0,1500.0,Unknown
113551,1,6,419,1.0,1500.0,Cash
113554,24,6,473,3.0,49.0,Card
113561,5,4,450,3.0,199.99,UPI
113563,12,4,474,1.0,199.99,NetBanking
113565,23,6,327,1.0,999.5,Unknown
113578,20,5,216,3.0,199.99,Card
113579,3,3,204,4.0,49.0,NetBanking
113604,14,3,206,2.0,199.99,Unknown
113624,23,5,118,4.0,1500.0,UPI
113637,22,5,475,3.0,999.5,Card
113644,3,2,217,2.0,1500.0,NetBanking
113645,26,1,21,3.0,49.0,Card
113651,6,3,342,4.0,1500.0,UPI
113674,13,3,377,1.0,199.99,UPI
113675,4,5,258,3.0,49.0,Cash
113679,24,4,62,2.0,999.5,Cash
113692,3,3,163,4.0,49.0,Cash
113699,4,1,253,2.0,1500.0,Unknown
113757,18,1,105,4.0,1500.0,NetBanking
113768,29,1,24,1.0,999.5,Cash
113769,18,4,452,4.0,999.5,Cash
113815,8,6,216,3.0,199.99,NetBanking
113826,13,1,289,1.0,999.5,NetBanking
113832,30,5,42,3.0,49.0,Cash
113842,14,6,28,2.0,49.0,UPI
113845,14,1,215,3.0,999.5,UPI
113847,1,2,324,4.0,199.99,UPI
113852,28,3,232,4.0,199.99,NetBanking
113855,22,5,363,3.0,49.0,Cash
113867,18,1,42,4.0,199.99,Card
113869,19,2,420,3.0,49.0,Cash
113914,11,1,228,4.0,199.99,Cash
113916,15,2,328,4.0,199.99,Cash
113930,30,2,357,3.0,999.5,Unknown
113933,3,2,476,3.0,999.5,Cash
113936,26,5,447,1.0,1500.0,NetBanking
113947,3,5,200,4.0,49.0,Unknown
113958,3,1,174,3.0,1500.0,NetBanking
113987,10,6,59,1.0,199.99,Cash
113997,8,2,190,4.0,1500.0,Unknown
114002,25,2,6,4.0,49.0,UPI
114016,30,3,254,1.0,199.99,Unknown
114022,27,5,231,1.0,199.99,UPI
114032,14,2,13,1.0,199.99,Cash
114037,14,4,454,2.0,1500.0,UPI
114051,16,3,454,4.0,49.0,Cash
114064,21,4,190,2.0,199.99,Card
114069,4,4,382,2.0,1500.0,NetBanking
114071,6,3,116,3.0,49.0,Card
114076,14,6,316,1.0,999.5,NetBanking
114082,15,2,413,3.0,49.0,UPI
114088,1,3,273,4.0,999.5,NetBanking
114100,7,6,163,3.0,49.0,Unknown
114109,9,3,447,4.0,49.0,UPI
114139,4,2,137,2.0,199.99,Cash
114160,3,4,177,2.0,49.0,NetBanking
114179,14,6,133,2.0,999.5,NetBanking
114180,6,1,474,1.0,999.5,NetBanking
114207,1,3,148,3.0,999.5,Cash
114215,3,2,101,3.0,199.99,Cash
114238,6,5,352,3.0,49.0,NetBanking
114241,23,2,300,4.0,199.99,Card
114243,6,6,447,2.0,1500.0,Card
114247,7,1,406,2.0,199.99,Unknown
114252,3,4,396,2.0,49.0,NetBanking
114271,2,5,291,2.0,49.0,NetBanking
114272,3,6,368,4.0,49.0,UPI
114290,15,2,467,3.0,999.5,NetBanking
114295,20,3,353,3.0,49.0,Card
114296,7,3,266,2.0,1500.0,UPI
114298,6,3,252,3.0,999.5,Unknown
114309,27,4,249,1.0,999.5,NetBanking
114319,10,4,380,2.0,999.5,Cash
114334,14,5,419,1.0,199.99,NetBanking
114340,30,3,126,3.0,199.99,UPI
114345,10,6,364,1.0,199.99,UPI
114358,22,6,408,3.0,999.5,Cash
114387,13,6,422,2.0,999.5,Unknown
114395,9,5,386,2.0,1500.0,Cash
114410,10,4,188,3.0,999.5,Cash
114429,11,4,14,2.0,49.0,UPI
114455,24,1,78,2.0,49.0,Cash
114477,14,1,28,4.0,49.0,Card
114488,7,6,126,2.0,999.5,Card
114497,8,3,57,1.0,49.0,Card
114503,17,6,280,4.0,999.5,Unknown
114514,25,6,374,1.0,999.5,NetBanking
114515,24,6,207,1.0,199.99,Unknown
114521,5,5,305,4.0,999.5,Cash
114531,20,5,81,3.0,999.5,Card
114540,14,2,233,4.0,1500.0,Cash
114549,14,1,137,4.0,1500.0,Card
114560,19,6,421,2.0,199.99,Card
114566,8,4,175,4.0,199.99,Cash
114575,14,1,247,2.0,199.99,Card
114591,7,2,223,2.0,1500.0,Unknown
114608,25,1,64,2.0,49.0,Cash
114609,1,5,460,1.0,1500.0,Card
114610,8,1,245,1.0,199.99,Unknown
114617,4,5,120,4.0,1500.0,Cash
114641,16,5,27,3.0,999.5,Cash
114643,14,5,226,2.0,49.0,Cash
114656,14,1,450,2.0,49.0,Unknown
114664,12,3,17,2.0,49.0,Card
114679,1,3,369,3.0,999.5,Unknown
114681,25,4,188,3.0,199.99,Cash
114695,14,6,56,4.0,1500.0,Unknown
114699,14,1,462,3.0,49.0,Cash
114724,10,6,286,3.0,199.99,NetBanking
114759,5,3,338,4.0,999.5,Card
114786,14,6,382,1.0,49.0,UPI
114811,25,1,78,4.0,199.99,Unknown
114832,20,3,88,4.0,999.5,UPI
114861,13,3,178,2.0,1500.0,NetBanking
114865,15,1,281,2.0,199.99,NetBanking
114881,6,5,300,3.0,199.99,Card
114902,20,6,324,2.0,49.0,Card
114920,9,1,129,1.0,199.99,Card
114927,28,6,242,1.0,1500.0,Card
114928,23,3,393,4.0,49.0,Unknown
114966,26,5,157,1.0,199.99,Unknown
114983,14,6,60,3.0,199.99,Unknown
114991,27,3,240,1.0,1500.0,Cash
114994,25,5,84,3.0,49.0,UPI
114996,13,5,408,1.0,1500.0,Card
115000,12,5,373,4.0,1500.0,NetBanking
115027,14,6,95,1.0,49.0,Card
115031,27,3,331,1.0,49.0,Cash
115032,14,3,62,2.0,1500.0,Unknown
115035,13,6,308,3.0,999.5,Card
115037,4,2,451,1.0,999.5,Card
115054,7,1,13,1.0,999.5,Card
115058,27,6,401,1.0,999.5,Cash
115068,29,4,477,3.0,199.99,Unknown
115069,24,2,379,1.0,49.0,Unknown
115078,11,2,436,3.0,49.0,Card
115081,11,3,1,2.0,199.99,NetBanking
115086,4,4,364,3.0,199.99,UPI
115099,19,6,229,4.0,999.5,Unknown
115108,16,4,199,3.0,1500.0,UPI
115120,8,6,254,4.0,199.99,UPI
115128,6,1,406,4.0,1500.0,Card
115145,14,6,455,3.0,1500.0,Card
115148,4,6,475,1.0,49.0,UPI
115167,18,1,22,3.0,199.99,Card
115177,23,6,186,2.0,199.99,Card
115200,3,2,42,1.0,49.0,Card
115201,13,2,268,3.0,199.99,Unknown
115203,14,2,30,4.0,1500.0,Card
115211,25,5,478,4.0,199.99,Card
115212,4,5,24,3.0,999.5,UPI
115219,25,5,336,2.0,199.99,Unknown
115226,14,4,479,4.0,999.5,Card
115241,23,5,456,3.0,1500.0,Cash
115252,7,2,230,1.0,1500.0,Unknown
115260,21,6,183,2.0,49.0,NetBanking
115306,28,3,150,2.0,199.99,Cash
115308,11,1,73,2.0,1500.0,NetBanking
115314,18,1,159,1.0,1500.0,Cash
115323,14,3,149,4.0,199.99,UPI
115325,24,5,297,4.0,199.99,Cash
115326,13,6,35,1.0,199.99,Unknown
115345,30,1,155,3.0,199.99,Unknown
115352,15,4,42,1.0,999.5,Unknown
115356,17,3,480,2.0,1500.0,Unknown
115359,21,6,479,1.0,49.0,UPI
115364,30,4,138,2.0,199.99,Cash
115378,2,5,382,2.0,999.5,Card
115387,6,5,421,3.0,199.99,Unknown
115389,9,3,232,4.0,999.5,UPI
115391,12,3,329,2.0,49.0,NetBanking
115392,30,1,114,4.0,49.0,UPI
115397,23,2,251,2.0,999.5,Cash
115407,23,4,368,2.0,999.5,UPI
115424,1,6,190,1.0,49.0,Unknown
115425,22,1,10,1.0,999.5,NetBanking
115435,21,5,355,1.0,199.99,NetBanking
115436,6,3,257,3.0,1500.0,Unknown
115439,19,4,234,2.0,999.5,UPI
115441,14,6,375,3.0,1500.0,Card
115443,14,1,481,4.0,49.0,Card
115458,11,3,45,4.0,1500.0,Cash
115464,26,1,167,1.0,999.5,UPI
115491,18,4,52,4.0,49.0,UPI
115510,19,4,112,1.0,1500.0,Cash
115520,15,4,32,2.0,999.5,Card
115522,3,2,258,4.0,1500.0,NetBanking
115549,10,3,372,4.0,1500.0,Card
115553,28,6,421,1.0,49.0,NetBanking
115554,13,3,331,2.0,1500.0,Unknown
115556,6,6,89,1.0,999.5,Card
115558,13,1,272,4.0,1500.0,UPI
115559,22,5,465,1.0,999.5,Card
115586,5,3,290,1.0,1500.0,NetBanking
115598,25,3,482,2.0,49.0,Unknown
115599,10,3,197,4.0,1500.0,Card
115608,18,4,25,1.0,49.0,Card
115612,1,6,466,2.0,999.5,NetBanking
115619,12,6,318,4.0,199.99,Card
115623,20,5,368,2.0,49.0,Unknown
115637,27,2,111,1.0,49.0,Unknown
115644,13,4,126,2.0,1500.0,NetBanking
115673,1,5,184,1.0,199.99,NetBanking
115694,20,3,91,1.0,49.0,UPI
115701,4,1,113,1.0,999.5,NetBanking
115734,22,1,328,3.0,999.5,NetBanking
115794,10,1,381,2.0,199.99,UPI
115813,6,2,283,4.0,1500.0,UPI
115820,9,4,391,3.0,49.0,Unknown
115824,8,5,385,1.0,999.5,Cash
115825,19,6,425,3.0,49.0,Cash
115829,12,5,222,2.0,199.99,NetBanking
115841,29,5,464,3.0,49.0,UPI
115856,29,2,120,2.0,1500.0,NetBanking
115864,5,5,19,3.0,49.0,NetBanking
115868,12,6,454,4.0,49.0,Card
115871,24,5,15,2.0,49.0,Unknown
115875,28,1,164,4.0,1500.0,Cash
115880,22,1,297,3.0,1500.0,Card
115891,3,3,233,2.0,199.99,UPI
115912,28,1,404,1.0,999.5,NetBanking
115919,25,1,151,1.0,999.5,Card
115943,26,3,134,2.0,1500.0,Unknown
115952,14,4,276,4.0,1500.0,Cash
115991,25,1,327,4.0,1500.0,UPI
116036,6,6,404,4.0,999.5,Cash
116047,3,6,425,2.0,999.5,UPI
116059,14,6,30,3.0,49.0,UPI
116081,10,1,446,1.0,199.99,Unknown
116090,29,5,268,1.0,199.99,NetBanking
116113,10,1,413,1.0,1500.0,Card
116123,20,4,25,1.0,199.99,UPI
116128,14,6,241,3.0,49.0,Cash
116133,14,5,326,1.0,49.0,Cash
116143,24,6,456,1.0,999.5,Cash
116149,28,6,58,3.0,1500.0,Card
116167,15,1,323,2.0,199.99,Unknown
116188,12,2,180,3.0,199.99,NetBanking
116202,30,4,483,3.0,199.99,Cash
116227,1,5,314,1.0,999.5,UPI
116236,29,5,218,3.0,49.0,Card
116238,16,2,197,1.0,199.99,Cash
116249,16,6,484,3.0,1500.0,Card
116255,25,5,76,1.0,49.0,UPI
116258,23,5,173,1.0,1500.0,Card
116259,3,1,377,1.0,199.99,UPI
116264,23,5,225,2.0,1500.0,Cash
116284,8,3,347,1.0,199.99,Card
116296,20,2,181,4.0,49.0,UPI
116309,14,2,210,3.0,1500.0,Cash
116310,17,5,36,2.0,1500.0,UPI
116324,15,4,344,3.0,1500.0,NetBanking
116330,18,4,71,1.0,999.5,Card
116331,10,3,174,4.0,49.0,NetBanking
116340,8,1,409,1.0,199.99,UPI
116348,6,1,57,4.0,49.0,Card
116354,26,2,179,1.0,999.5,Unknown
116357,13,3,177,1.0,1500.0,Card
116360,27,5,233,2.0,999.5,NetBanking
116370,26,3,140,4.0,49.0,Unknown
116371,13,3,97,3.0,49.0,Unknown
116391,3,2,215,4.0,1500.0,Card
116394,18,6,159,4.0,199.99,UPI
116409,8,4,169,3.0,199.99,NetBanking
116417,3,1,294,4.0,199.99,UPI
116419,4,1,276,4.0,49.0,Card
116423,6,6,327,2.0,1500.0,UPI
116425,15,2,254,4.0,199.99,UPI
116428,12,2,401,2.0,999.5,UPI
116447,26,1,144,4.0,1500.0,NetBanking
116461,7,5,322,4.0,999.5,NetBanking
116464,11,6,246,2.0,199.99,Cash
116489,25,5,241,1.0,1500.0,Cash
116499,8,6,382,3.0,49.0,Card
116519,6,2,252,4.0,49.0,NetBanking
116528,28,2,204,4.0,999.5,Unknown
116549,1,5,118,3.0,49.0,Card
116563,25,3,215,2.0,199.99,Card
116573,14,5,118,1.0,199.99,Unknown
116585,13,5,464,3.0,1500.0,NetBanking
116607,10,5,440,4.0,49.0,Unknown
116632,8,6,98,1.0,199.99,Card
116634,10,6,130,4.0,49.0,Unknown
116644,28,5,292,1.0,999.5,Card
116665,15,5,424,1.0,199.99,Unknown
116667,14,6,317,2.0,49.0,Cash
116671,4,4,171,2.0,49.0,Card
116686,9,2,349,4.0,1500.0,Card
116705,7,3,18,4.0,1500.0,NetBanking
116722,4,4,237,4.0,49.0,NetBanking
116730,25,2,271,4.0,1500.0,Card
116752,15,6,247,1.0,999.5,UPI
116781,24,3,130,2.0,49.0,NetBanking
116808,5,1,228,4.0,1500.0,UPI
116809,13,2,425,3.0,999.5,NetBanking
116817,5,6,256,2.0,1500.0,Cash
116823,10,6,391,3.0,49.0,Unknown
116828,27,6,421,2.0,1500.0,Cash
116839,28,1,200,3.0,999.5,Unknown
116849,30,2,1,1.0,199.99,UPI
116850,22,4,168,4.0,999.5,Card
116851,20,4,322,1.0,999.5,Unknown
116865,16,6,155,1.0,49.0,UPI
116881,14,3,98,1.0,999.5,Cash
116886,28,3,40,1.0,999.5,Card
116898,14,5,281,1.0,49.0,Cash
116899,5,6,214,4.0,999.5,Cash
116908,13,3,273,2.0,199.99,Unknown
116929,14,2,433,1.0,49.0,Cash
116935,10,5,372,2.0,49.0,Cash
116937,22,5,94,3.0,1500.0,Cash
116961,26,1,97,2.0,49.0,Card
117000,27,1,247,3.0,999.5,Cash
117006,14,4,313,3.0,999.5,Card
117009,11,2,220,2.0,199.99,NetBanking
117012,20,2,165,2.0,1500.0,NetBanking
117025,10,4,285,2.0,49.0,Cash
117027,6,6,368,2.0,1500.0,Card
117030,7,1,414,2.0,999.5,UPI
117031,20,3,338,3.0,999.5,Cash
117048,14,1,413,4.0,199.99,Cash
117056,6,6,163,1.0,49.0,Cash
117065,14,3,165,4.0,199.99,NetBanking
117066,29,5,92,4.0,999.5,Cash
117084,22,6,208,4.0,999.5,Cash
117093,10,3,388,2.0,49.0,UPI
117098,14,3,82,2.0,1500.0,Unknown
117111,15,5,288,1.0,49.0,UPI
117134,21,3,334,2.0,49.0,Card
117151,7,3,137,3.0,999.5,UPI
117158,4,3,135,2.0,1500.0,Unknown
117165,6,5,106,2.0,49.0,Unknown
117172,14,4,250,4.0,999.5,Unknown
117182,18,5,413,2.0,49.0,Cash
117188,6,5,138,1.0,199.99,Card
117214,16,3,408,1.0,999.5,NetBanking
117247,4,1,208,1.0,999.5,UPI
117248,25,5,77,1.0,1500.0,Card
117250,10,2,14,1.0,199.99,Unknown
117262,22,4,214,2.0,199.99,UPI
117268,2,4,380,4.0,49.0,Cash
117298,28,4,473,3.0,1500.0,Cash
117302,10,4,191,2.0,999.5,Card
117303,13,5,101,1.0,999.5,Cash
117314,22,4,485,2.0,1500.0,NetBanking
117315,17,4,479,2.0,49.0,Card
117328,6,1,189,1.0,999.5,Cash
117343,14,4,242,2.0,199.99,Card
117346,16,3,40,1.0,199.99,Card
117361,20,2,50,1.0,49.0,UPI
117363,15,2,425,1.0,49.0,NetBanking
117375,12,6,61,3.0,999.5,Card
117386,5,5,227,1.0,999.5,NetBanking
117411,22,6,242,2.0,199.99,Unknown
117420,6,1,362,1.0,999.5,Card
117421,25,2,389,3.0,49.0,Cash
117430,8,4,124,4.0,1500.0,UPI
117436,14,2,33,1.0,49.0,NetBanking
117440,29,6,76,1.0,199.99,Card
117441,1,5,370,4.0,1500.0,UPI
117451,4,6,57,2.0,999.5,Card
117455,26,6,175,3.0,999.5,UPI
117459,3,6,486,2.0,999.5,Cash
117464,29,2,487,4.0,199.99,Card
117466,2,5,140,4.0,999.5,Card
117468,27,2,462,3.0,199.99,NetBanking
117470,10,2,149,2.0,1500.0,Unknown
117473,7,2,143,2.0,199.99,Card
117475,4,2,430,2.0,199.99,NetBanking
117490,10,5,268,4.0,199.99,Cash
117497,13,1,118,2.0,199.99,NetBanking
117506,29,6,288,3.0,999.5,Unknown
117514,9,1,182,3.0,999.5,Unknown
117528,13,3,339,4.0,1500.0,UPI
117530,17,5,57,3.0,1500.0,Cash
117532,16,6,264,4.0,1500.0,Unknown
117534,8,3,203,3.0,999.5,NetBanking
117544,28,4,216,1.0,49.0,Card
117564,17,4,83,3.0,49.0,Card
117580,4,2,389,1.0,999.5,Unknown
117592,11,3,80,2.0,999.5,Card
117594,11,6,313,3.0,49.0,Card
117643,30,6,455,2.0,999.5,UPI
117644,5,2,314,2.0,199.99,Card
117658,18,6,251,1.0,49.0,Card
117666,3,4,36,3.0,999.5,UPI
117672,11,4,47,1.0,1500.0,Unknown
117679,6,3,373,4.0,1500.0,Unknown
117700,26,5,333,4.0,999.5,Unknown
117716,25,2,476,1.0,199.99,UPI
117721,26,5,137,4.0,999.5,Card
117727,3,2,478,2.0,999.5,Card
117729,9,2,202,4.0,999.5,Card
117731,17,3,438,1.0,49.0,NetBanking
117741,15,4,486,4.0,1500.0,UPI
117743,16,2,27,3.0,1500.0,Card
117745,19,3,271,4.0,1500.0,Unknown
117754,13,3,52,4.0,1500.0,Card
117764,26,3,371,4.0,999.5,Cash
117765,2,4,355,2.0,1500.0,UPI
117767,1,3,359,2.0,49.0,Cash
117780,6,1,82,4.0,49.0,Cash
117781,8,6,221,2.0,1500.0,Unknown
117783,28,6,270,3.0,199.99,UPI
117789,15,5,279,4.0,1500.0,Card
117806,4,1,273,4.0,1500.0,Unknown
117832,18,3,370,2.0,199.99,UPI
117848,1,6,351,2.0,999.5,Unknown
117854,29,3,169,3.0,999.5,Card
117878,11,4,129,4.0,999.5,NetBanking
117879,4,4,16,2.0,999.5,Card
117881,1,6,415,3.0,199.99,Cash
117889,13,2,98,4.0,999.5,NetBanking
117899,3,2,468,4.0,999.5,Cash
117927,30,3,118,2.0,1500.0,Cash
117930,14,2,267,1.0,199.99,NetBanking
117936,18,6,365,2.0,1500.0,Unknown
117957,24,6,283,2.0,199.99,NetBanking
117959,19,3,418,1.0,999.5,Cash
117976,27,6,363,4.0,199.99,Unknown
117980,8,2,305,3.0,199.99,NetBanking
117985,15,6,60,2.0,999.5,Unknown
117987,7,3,329,3.0,1500.0,NetBanking
117988,8,1,437,4.0,199.99,NetBanking
117993,5,2,476,4.0,49.0,Card
117995,14,4,45,2.0,199.99,Unknown
118017,15,1,161,1.0,49.0,Cash
118023,20,3,76,4.0,999.5,Unknown
118024,28,1,398,2.0,49.0,Unknown
118032,3,2,484,2.0,49.0,Card
118033,6,1,157,1.0,1500.0,UPI
118078,6,1,17,1.0,1500.0,NetBanking
118082,4,4,376,4.0,199.99,Unknown
118089,21,5,12,1.0,49.0,UPI
118103,1,4,4,1.0,49.0,Unknown
118124,6,6,142,3.0,199.99,Card
118144,2,2,276,2.0,199.99,NetBanking
118146,25,6,336,4.0,199.99,Cash
118148,3,2,114,2.0,1500.0,Unknown
118157,19,3,288,4.0,199.99,NetBanking
118161,27,6,215,3.0,1500.0,NetBanking
118174,26,2,260,3.0,49.0,NetBanking
118181,6,1,488,4.0,49.0,Card
118183,2,6,352,2.0,1500.0,Cash
118219,6,4,54,2.0,49.0,Unknown
118237,1,2,322,2.0,1500.0,Cash
118250,14,6,8,1.0,49.0,Card
118255,13,4,432,4.0,199.99,NetBanking
118270,5,1,163,1.0,199.99,NetBanking
118278,4,1,338,3.0,1500.0,Card
118279,27,1,69,1.0,999.5,Cash
118285,16,2,219,3.0,49.0,Cash
118287,3,5,327,3.0,49.0,Card
118290,1,3,27,4.0,999.5,Cash
118328,17,6,41,2.0,999.5,Unknown
118343,18,5,418,2.0,1500.0,Unknown
118344,16,3,411,2.0,999.5,Card
118360,6,5,438,1.0,199.99,Cash
118369,27,2,330,3.0,1500.0,UPI
118372,10,4,310,4.0,199.99,NetBanking
118377,3,1,156,2.0,999.5,NetBanking
118386,14,2,213,2.0,1500.0,Unknown
118391,13,3,214,4.0,199.99,Card
118392,21,1,367,1.0,199.99,Card
118406,26,2,130,4.0,1500.0,Card
118428,21,2,339,1.0,49.0,UPI
118431,10,1,122,1.0,199.99,UPI
118434,15,4,411,1.0,999.5,UPI
118436,25,1,411,2.0,999.5,NetBanking
118448,7,5,64,4.0,1500.0,UPI
118450,9,6,341,3.0,49.0,Cash
118466,22,1,413,4.0,1500.0,Unknown
118471,29,1,10,1.0,999.5,Unknown
118485,3,2,421,3.0,199.99,Cash
118490,18,3,94,1.0,1500.0,Cash
118515,7,1,237,2.0,999.5,NetBanking
118524,3,4,66,4.0,49.0,UPI
118526,6,2,114,1.0,49.0,NetBanking
118528,26,5,460,3.0,999.5,NetBanking
118531,4,6,289,2.0,1500.0,NetBanking
118533,14,4,57,2.0,49.0,NetBanking
118536,3,3,316,3.0,199.99,Cash
118559,29,3,116,1.0,1500.0,UPI
118564,7,2,257,4.0,199.99,Card
118569,5,6,267,4.0,199.99,Card
118574,16,2,338,2.0,999.5,NetBanking
118575,15,2,1,1.0,999.5,Unknown
118589,15,3,191,2.0,999.5,UPI
118599,1,3,376,1.0,49.0,Card
118606,6,3,311,2.0,999.5,Card
118629,28,4,10,1.0,1500.0,Unknown
118632,19,1,464,4.0,1500.0,NetBanking
118635,3,6,165,3.0,49.0,UPI
118639,24,1,441,1.0,999.5,NetBanking
118657,15,6,358,1.0,199.99,NetBanking
118691,25,3,197,1.0,49.0,Card
118695,14,6,478,2.0,999.5,Card
118699,2,1,314,1.0,49.0,UPI
118706,6,6,489,2.0,199.99,NetBanking
118715,15,2,63,4.0,999.5,UPI
118719,1,2,329,3.0,1500.0,UPI
118730,25,4,13,1.0,1500.0,NetBanking
118732,14,1,195,3.0,49.0,Cash
118738,28,3,30,2.0,199.99,Unknown
118753,1,2,101,1.0,199.99,UPI
118761,21,6,404,2.0,49.0,Unknown
118766,6,6,156,4.0,199.99,Cash
118773,14,1,2,3.0,49.0,Card
118788,1,6,334,3.0,999.5,NetBanking
118813,15,5,20,3.0,999.5,Card
118814,14,5,364,4.0,49.0,Unknown
118831,13,4,334,2.0,49.0,Cash
118834,28,4,264,2.0,49.0,NetBanking
118852,18,2,240,2.0,49.0,Cash
118871,29,6,439,3.0,999.5,Cash
118879,26,6,204,2.0,49.0,NetBanking
118881,27,5,346,2.0,199.99,UPI
118911,20,5,262,3.0,1500.0,Card
118914,14,1,308,2.0,999.5,NetBanking
118917,6,6,337,1.0,49.0,Cash
118928,14,2,283,2.0,1500.0,UPI
118931,13,4,34,2.0,999.5,Card
118932,29,4,3,4.0,999.5,Card
118939,6,6,337,3.0,999.5,Unknown
118964,28,2,339,4.0,199.99,Card
118965,7,1,220,1.0,199.99,UPI
118967,9,5,232,4.0,49.0,UPI
118968,24,4,125,4.0,1500.0,Card
118975,5,3,310,3.0,1500.0,Card
118990,30,1,95,1.0,199.99,Unknown
119010,3,6,370,2.0,49.0,Card
119025,25,2,234,3.0,49.0,Cash
119043,24,6,336,2.0,49.0,Cash
119047,29,3,428,1.0,199.99,Unknown
119095,1,2,69,1.0,199.99,NetBanking
119096,25,4,303,4.0,1500.0,Unknown
119098,27,2,385,4.0,49.0,UPI
119109,3,3,256,4.0,999.5,Cash
119111,14,6,340,1.0,1500.0,UPI
119131,4,4,156,1.0,999.5,NetBanking
119136,6,2,243,2.0,49.0,Cash
119152,13,2,442,4.0,49.0,NetBanking
119155,12,6,50,2.0,999.5,Unknown
119174,17,4,144,3.0,1500.0,Unknown
119196,18,3,464,1.0,1500.0,Cash
119199,29,3,480,4.0,1500.0,UPI
119208,24,2,106,4.0,49.0,UPI
119256,10,6,434,2.0,1500.0,Card
119264,15,2,239,4.0,49.0,NetBanking
119273,21,5,307,1.0,199.99,Cash
119283,2,3,159,2.0,1500.0,Cash
119287,20,3,490,4.0,49.0,UPI
119298,20,2,317,3.0,49.0,Unknown
119299,11,5,402,1.0,49.0,Unknown
119303,14,6,3,3.0,199.99,NetBanking
119310,4,1,394,2.0,1500.0,Card
119312,27,5,100,1.0,1500.0,Cash
119318,3,5,133,1.0,999.5,Unknown
119329,13,1,344,1.0,1500.0,Unknown
119339,8,2,383,1.0,49.0,Unknown
119366,25,6,262,4.0,1500.0,Unknown
119385,22,6,386,2.0,1500.0,UPI
119388,16,4,239,4.0,199.99,Card
119391,17,6,180,1.0,999.5,Unknown
119393,23,4,373,4.0,1500.0,Unknown
119399,23,4,136,4.0,199.99,Cash
119404,15,5,248,2.0,1500.0,Unknown
119407,8,3,108,1.0,1500.0,Cash
119411,13,5,342,4.0,1500.0,UPI
119417,11,1,219,3.0,199.99,NetBanking
119442,25,4,323,1.0,49.0,UPI
119463,15,3,205,3.0,1500.0,UPI
119465,14,3,68,2.0,199.99,Cash
119469,23,1,177,4.0,49.0,Card
119472,24,6,244,3.0,999.5,Unknown
119478,22,1,216,1.0,49.0,Unknown
119482,25,1,167,2.0,999.5,Cash
119492,2,4,463,4.0,49.0,Unknown
119496,6,5,76,1.0,1500.0,Card
119524,5,6,203,1.0,199.99,Cash
119528,2,3,93,4.0,49.0,Cash
119544,4,6,204,2.0,1500.0,Unknown
119556,25,6,441,1.0,49.0,Cash
119558,27,6,168,3.0,49.0,Unknown
119560,19,3,47,4.0,999.5,Card
119587,8,5,489,4.0,1500.0,UPI
119594,18,2,21,3.0,49.0,UPI
119601,27,1,146,1.0,49.0,Card
119608,29,4,234,3.0,199.99,UPI
119611,24,3,347,1.0,199.99,Card
119614,11,2,116,4.0,999.5,NetBanking
119625,27,5,440,3.0,199.99,NetBanking
119630,6,3,331,1.0,199.99,Card
119632,8,5,143,4.0,999.5,Unknown
119638,14,3,371,4.0,199.99,Unknown
119663,11,1,326,4.0,1500.0,Cash
119672,25,1,342,1.0,1500.0,Cash
119692,12,3,42,2.0,999.5,Cash
119717,25,1,44,1.0,1500.0,Unknown
119721,2,5,425,4.0,1500.0,UPI
119727,11,2,349,1.0,49.0,Unknown
119735,21,6,77,2.0,1500.0,Card
119752,25,6,234,2.0,199.99,Cash
119754,18,1,104,4.0,999.5,UPI
119759,15,3,362,4.0,49.0,Card
119765,14,1,26,3.0,1500.0,UPI
119771,14,3,288,4.0,1500.0,NetBanking
119788,22,6,354,4.0,199.99,Unknown
119800,12,1,205,2.0,199.99,Card
119806,12,4,357,4.0,49.0,UPI
119811,8,3,491,3.0,49.0,NetBanking
119812,17,3,407,2.0,49.0,Cash
119814,24,1,61,4.0,49.0,Card
119817,3,4,435,3.0,49.0,Card
119820,4,6,84,4.0,999.5,NetBanking
119831,18,5,62,1.0,999.5,Cash
119838,17,2,406,4.0,199.99,NetBanking
119842,14,3,402,3.0,999.5,UPI
119846,25,4,293,2.0,49.0,Unknown
119856,6,2,192,1.0,999.5,UPI
119885,14,5,23,3.0,49.0,NetBanking
119898,7,4,492,3.0,49.0,Card
119905,6,1,220,2.0,999.5,Unknown
119926,15,1,132,1.0,999.5,Card
119946,18,2,236,1.0,49.0,Cash
119948,13,4,357,1.0,999.5,UPI
119959,2,2,437,1.0,199.99,Cash
119970,17,3,451,2.0,49.0,Unknown
119972,25,6,326,1.0,49.0,NetBanking
119979,22,3,178,3.0,199.99,UPI
119984,13,5,151,1.0,999.5,UPI
119988,12,3,280,2.0,999.5,NetBanking
119997,27,2,58,2.0,999.5,NetBanking
